last_name, first_name,pitcher,ff_avg_speed,si_avg_speed,fc_avg_speed,sl_avg_speed,ch_avg_speed,cu_avg_speed,fs_avg_speed,kn_avg_speed
Alcantara, Sandy,645261,97.9,97.7,,89.7,91.8,86.2,,
Cole, Gerrit,543037,97.8,,92.1,88.6,89.8,83,,
Burnes, Corbin,669203,96.2,96.3,95,87.9,90.3,81.8,,
Mikolas, Miles,571945,93.6,92.9,,87.8,82.6,76.1,,
Lyles, Jordan,543475,91.8,90.9,83.8,80,86.3,79,,
Webb, Logan,657277,92.6,91.9,,82.4,86.4,,,
Gilbert, Logan,669302,96,,,87.2,86.3,80.9,,
Wainwright, Adam,425794,88.2,88.8,84.4,,82.4,72.9,,
Pivetta, Nick,601713,93.3,89.7,,85.8,87,77.2,,
Rodón, Carlos,607074,95.7,,,85.4,85.1,80.1,,
Nola, Aaron,605400,92.7,92.1,87,,85.9,78.5,,
Kelly, Merrill,518876,92.6,92.6,91,85.5,88.6,82.2,,
Cease, Dylan,656302,96.9,96.5,,87.2,77.7,81.1,,
Darvish, Yu,506433,95.2,94.8,86.7,82.5,,73.2,89.4,
Ray, Robbie,592662,93.4,93.5,,87.1,86.3,79.7,,
Bumgarner, Madison,518516,91.3,91.4,87.5,,85.4,78.6,,
Bassitt, Chris,605135,93.2,92.8,89.1,78.7,85.5,71.7,,
Morton, Charlie,450203,95,94.8,88.3,,87.1,81.1,,
Manoah, Alek,666201,94,93.3,,81.6,86.7,,,
Pérez, Martín,527048,92.7,92.6,89.7,,84.3,79.5,,
Freeland, Kyle,607536,90.3,89.6,,85.5,84.7,80.8,,
Valdez, Framber,664285,94,94,83.3,,88.9,79.2,,
Fried, Max,608331,94.2,93.7,,87.4,86.6,74.4,,
Corbin, Patrick,571578,92,92.8,,81.8,82.3,74.2,,
López, Pablo,641154,93.1,93,88.6,,87.3,80.6,,
Wheeler, Zack,554430,95.9,95.4,,90.6,89.5,81.2,,
Gray, Josiah,680686,94.3,94.7,,85.6,88.1,82.6,,
Gallen, Zac,668678,94,94.7,89.8,86.8,86.3,81.1,,
Quantrill, Cal,615698,93.3,93.4,88.3,,85.2,81.9,,
Gibson, Kyle,502043,91.8,91.3,89,83.3,84.4,79,,
Márquez, Germán,608566,95.6,95.2,,87.5,87.6,86.8,,
Musgrove, Joe,605397,92.9,92.2,90,83,86.2,81.4,,
Bieber, Shane,669456,91.1,,86.8,84.9,86.4,82,,
Urquidy, José,664353,93.6,,87.4,79.8,86.1,77.8,,
Verlander, Justin,434378,95,,,87.3,86.2,78.9,,
Gonzales, Marco,594835,88.2,,86,,79.4,76.3,,
Taillon, Jameson,592791,94.1,94.2,90.7,86.1,87.7,81.1,,
Lauer, Eric,641778,93.4,,90,87.4,87.1,78.2,,
Wood, Alex,622072,,92.4,,84.5,85.7,,,
Wright, Kyle,657140,95.2,94.4,,89.9,87.9,84.4,,
McClanahan, Shane,663556,96.6,,,89,87.6,81.7,,
McKenzie, Triston,663474,92.4,,,87.5,,79.6,,
Quintana, José,500779,91,91.3,,,86.4,78.5,,
Gausman, Kevin,592332,95,,,84.2,84.5,,85.2,
Mahle, Tyler,641816,93.3,,85.6,83.9,,,85.4,
Cortes, Nestor,641482,91.8,90.9,86.8,77.2,82.8,72.7,,
Manaea, Sean,640455,,91,,81.5,84.7,76.9,,
Dunning, Dane,641540,86.9,89.4,86.6,78.4,83.8,,,
Giolito, Lucas,608337,92.9,,,84.5,81.4,79.5,,
Anderson, Ian,666120,94,93.5,,,88.2,81.7,,
Berríos, José,621244,93.9,93.7,,,84.6,82.8,,
Keller, Brad,641745,94.4,93.3,,86.8,89.8,,,
Montgomery, Jordan,656756,92.8,93,88.3,,82.1,80.2,,
Brubaker, JT,664141,92.8,93.2,,86.9,87.2,80.1,,
Anderson, Tyler,542881,90.7,89,85.5,80.3,79,73,,
Plesac, Zach,668676,91.9,89.4,,85.4,85.8,79.3,,
Javier, Cristian,664299,93.9,,,79.8,85.4,76.5,,
Carrasco, Carlos,471911,93.4,91.9,,85,87.6,81.2,,
Ohtani, Shohei,660271,97.2,97.7,90.2,85.2,,78.1,89.4,
Steele, Justin,657006,92.2,91.6,,82,87.5,78.1,,
Garcia, Luis,677651,94,90.6,85.5,79.9,84.9,77.4,,
Flexen, Chris,623167,91.6,,87.4,81,81,74.8,,
Irvin, Cole,608344,90.6,90.3,,87,83,77.5,,
Urías, Julio,628711,93.2,93.8,91.7,,86.2,81,,
Skubal, Tarik,669373,94.1,94.8,,89.3,83.6,76.9,,
Keller, Mitch,656605,95.6,94.5,,84.8,91.3,78.7,,
Gonsolin, Tony,664062,93.1,,,87.5,,80.7,83.4,
Suárez, Ranger,624133,93.3,92.6,89.3,82.1,85.2,77,,
Hudson, Dakota,641712,91.4,91.9,,88.1,86.5,80.4,,
Montas, Frankie,593423,96.2,95.7,89.4,87.1,,,86.4,
Castillo, Luis,622491,97,96.8,,86.6,88.3,,,
Greene, Hunter,668881,98.7,,,88,89.7,,,
Kopech, Michael,656629,95,,,84.4,85.2,78.4,,
Greinke, Zack,425844,89.2,89.4,86,82.2,86.6,72,,
Sandoval, Patrick,663776,92.9,93.5,,86.3,83.8,79.1,,
Kluber, Corey,446372,88.9,88.8,86.2,,82.9,80.6,,
Walker, Taijuan,592836,93.7,92.9,88.6,84.9,,74.8,88.8,
Gomber, Austin,596295,91,,,84.2,82.2,75.8,,
Kuhl, Chad,641771,92.7,92.6,,86.5,87.9,79.3,,
Woodruff, Brandon,605540,96.2,95.7,,88.3,86.1,83.9,,
Blackburn, Paul,621112,91.5,91.7,87.1,79.1,86,78.8,,
Strider, Spencer,675911,98.2,,,86.2,88.7,,,
Cueto, Johnny,456501,91.6,91.5,86.9,83.7,82.6,74.4,,
Ryan, Joe,657746,91.8,,,81.9,84.1,73.9,,
Thompson, Zach,605507,92.3,92.2,86.5,,85.8,77.2,,
Fedde, Erick,607200,93.1,92.7,88.8,,85.7,78.1,,
Lynch, Daniel,663738,94.1,93.6,,85.8,84.8,80.5,,
Thompson, Keegan,624522,93.4,92.8,89.9,83.8,86.1,81.3,,
Singer, Brady,663903,92.8,93.8,,85.5,86.9,,,
Ashby, Aaron,676879,95.3,95.7,,83.4,89.1,79.6,,
Gray, Jon,592351,96,,,85.2,88.8,77.9,,
Cobb, Alex,502171,95.1,94.8,,,,83.9,89.7,
Bubic, Kris,663460,91.7,,,,80.5,79,,
Rasmussen, Drew,656876,95.5,94.8,90.7,84.5,,79.5,,
Kaprielian, James,621076,93.8,93.7,,85.3,84.8,79.2,,
Rogers, Trevor,669432,94.6,,,80.5,85.5,,,
Detmers, Reid,672282,93.2,93.8,,85.1,84.2,73,,
Scherzer, Max,453286,93.9,,89.2,85,84,75.1,,
Davies, Zach,605200,,89.3,87.6,76,79.4,74.6,,
Eovaldi, Nathan,543135,95.9,,90.9,86.2,,78.4,87.9,
Otto, Glenn,657248,92.3,92.4,,81,88.1,81.2,,
Bundy, Dylan,605164,89.2,89.8,,79.2,81.1,72.1,,
Snell, Blake,605483,95.7,,,88.8,86.9,81.2,,
Kikuchi, Yusei,579328,94.9,,91.1,86.6,87,,,
Ashcraft, Graham,668933,,97,97.2,85.7,89.8,,,
Senzatela, Antonio,622608,94.2,92.8,,86.1,87,78.2,,
Pallante, Andre,669467,95.2,94.8,,86.9,,76.5,,
Archer, Chris,502042,93.1,,,88.8,87,81.9,,
Wells, Tyler,669330,93.6,,,87.6,86.8,77.9,,
Syndergaard, Noah,592789,94.2,93.9,,84.3,88.5,76.2,,
Peterson, David,656849,93.6,93.1,,84.2,85.7,77.7,,
Stroman, Marcus,573186,92.2,92,89.2,84.5,,81.3,87.1,
Kirby, George,669923,95.4,94.9,,87.7,85.8,80.8,,
Hearn, Taylor,621368,94.7,93.6,88.6,84.5,87.6,,,
Martinez, Nick,607259,93.3,93.1,88.1,,79.5,81.6,,
Springs, Jeffrey,605488,91.6,91.1,,85.1,81.2,,,
Gray, Sonny,543243,92.2,92.1,83.3,81.6,88,78.8,,
Espino, Paolo,502179,88.5,,,77.8,83.5,71.3,,
Stripling, Ross,548389,91.9,89.7,,86.9,82.5,76,,
Severino, Luis,622663,96.1,95.4,90.3,85.1,88.9,,,
Houser, Adrian,605288,94.6,94,,84.9,85.6,81.1,,
Hendricks, Kyle,543294,86.9,86.5,,,79.9,72.7,,
Hill, Rich,448179,88.4,85.9,84.3,69.2,82,71.9,,
Brieske, Beau,689225,94.3,93.6,,86.2,82,78.1,,
Minor, Mike,501985,90.4,,,85.2,84.2,78.8,,
Bradish, Kyle,680694,94.8,,,86.4,89.7,82.7,,
Clevinger, Mike,605182,93.8,93.1,87.4,79.8,86.5,76.4,,
Wacha, Michael,608379,93.3,92.9,89,,84.9,75.1,,
Kershaw, Clayton,477132,90.7,90.8,,86.6,83.8,73.2,,
Gore, MacKenzie,669022,94.7,,,87.4,84.8,80.8,,
Wilson, Bryse,669060,92.9,92.5,,83.5,86.1,77.2,,
Lynn, Lance,458681,93,91.6,89,86.7,85.8,82.7,,
Smyly, Drew,592767,,92.4,88.4,,82.6,78.3,,
Watkins, Spenser,657093,91.4,,87.1,78.7,86.1,77,,
Odorizzi, Jake,543606,92.1,92.2,87.7,82.7,,71.9,85.4,
Junis, Jakob,596001,87.6,91.7,85.5,82.6,84.3,,,
Kremer, Dean,665152,93.4,92.3,87.5,,84,76,,
Adon, Joan,672851,95,95,,86.2,87.4,79.7,,
Lorenzen, Michael,547179,94.7,93.9,90.5,83.2,86.4,81.4,,
White, Mitch,669952,93.8,94.2,,85.2,87.5,80.3,,
Voth, Austin,608723,93.8,,89.8,84.5,87.1,77.7,,
Suarez, José,660761,92.6,91.3,,80.3,82.3,77.8,,
Crawford, Kutter,676710,94.7,,88.9,85.1,86.7,79.8,,
Garrett, Braxton,666129,91.4,90.9,,84.2,86,78.9,,
Heasley, Jonathan,669169,93.9,93.9,,86.8,85.4,79.2,,
Crowe, Wil,640444,94.9,94.2,,87.4,85.7,81.3,,
Civale, Aaron,650644,90.6,91,86.3,80.3,,75.5,85.4,
Eflin, Zach,621107,93.1,92.6,89.9,85.5,87,78.2,,
Williams, Trevor,592866,91,88.9,,83,84.4,78.7,,
Hutchison, Drew,571800,92.6,92.9,,85.8,86.7,,,
Yarbrough, Ryan,642232,,86.7,82.7,,78.7,71.2,,
Smeltzer, Devin,656970,89.5,88.4,,84.9,82.1,75.6,,
Buehler, Walker,621111,95.2,94.9,91.5,83.5,90.5,79.2,,
Hernandez, Elieser,622694,91.5,91.9,,80,84.4,,,
Zimmermann, Bruce,669145,90.6,90.6,,85,84.7,81,,
Peralta, Freddy,642547,92.7,,,80.4,85.9,76.4,,
Whitlock, Garrett,676477,95.1,95.3,,83.1,84.6,,,
Burke, Brock,656271,94.9,93.5,,86.5,88,,,
Winckowski, Josh,670174,93.5,93.9,88.4,84.7,89.6,,,
Sampson, Adrian,592716,92.7,92.2,85.2,83.3,85.6,,,
Scott, Tanner,656945,96.9,,,89.2,,,,
Moore, Matt,519043,94,,,,85.2,83.5,,
Feltner, Ryan,663372,94.6,93.3,,84,83.5,77.4,,
Contreras, Roansy,672710,96.2,,,85,89.9,79.5,,
Faedo, Alex,656412,92.7,,,85,86.2,,,
Keuchel, Dallas,572971,88.1,87.2,85.2,77,79.3,,,
Oller, Adam,670124,93.6,93.6,89.6,84.4,86.7,80.3,,
Akin, Keegan,669211,93.4,,,84.9,83.9,75.1,,
Davis, Austin,656354,94,94.9,,80.7,86,77.7,,
Nelson, Nick,656793,96.2,,,89.8,87.9,81.9,,
Alexander, Tyler,641302,90.1,90,85.4,78.2,82.9,,,
Ramírez, Erasmo,541640,93.7,92.9,88.9,,85.3,80.5,,
Barlow, Scott,605130,93.6,93.1,,84.3,,78.6,,
Cishek, Steve,518553,89.3,89.9,,76.6,83.7,,,
Houck, Tanner,656557,95.2,94.5,,85.4,,,87.6,
Barría, Jaime,642545,92.1,91.8,,85.3,85.1,,,
Ureña, José,570632,96.3,95.9,,87.3,90.5,,,
Coleman, Dylan,669395,97.7,98.4,,84.2,,,,
Baker, Bryan,641329,95.9,,87,,83.7,,,
López, Jorge,605347,97.4,97.8,,87.2,90.2,84,,
Diekman, Jake,518617,95.7,95.4,,81.3,87.2,,,
Lodolo, Nick,666157,91.9,94.3,,,88.2,82,,
Ruiz, José,614179,97,,,,89.9,86.3,,
Velasquez, Vince,592826,93.3,91.9,,84.8,88.2,81.7,,
Jax, Griffin,643377,95.3,,,86.4,89.6,82.6,,
Wick, Rowan,592858,94.7,,93,82.4,,76.8,,
Beede, Tyler,595881,95.9,95.9,,87.7,84.9,79.2,,
García, Rony,665621,92.9,92.5,,,87.5,80.3,,
Chavez, Jesse,445926,90.3,91.1,89,78,85.5,76.4,,
Luzardo, Jesús,666200,96.8,95.9,,,86.8,83.8,,
Hicks, Jordan,663855,98.8,99.4,,84.6,92,,,
Rogers, Tyler,643511,83.3,83.6,,71.9,,,,
Jackson, Zach,667427,94.5,,94.2,85.2,88.9,,,
Stratton, Chris,608717,92.7,92.2,,86.5,86.7,80.6,,
Smith, Caleb,592761,92.2,,,85.6,83.9,79,,
Phelps, David,475479,93.3,93.3,89.9,,86.7,81.7,,
Leiter Jr., Mark,643410,91.1,90.9,87.4,79.4,84.3,73.2,,
Doval, Camilo,666808,,98.5,99.2,87.5,,,,
McHugh, Collin,543521,90.9,,88.8,80.2,,72.2,,
Pagán, Emilio,641941,95.5,,85.6,84.6,,,88.5,
Crismatt, Nabil,622503,90.6,90.1,,84,82.8,73,,
Hoffman, Jeff,656546,94.2,,,81.2,87.7,,,
Maton, Phil,664208,91,90,82.3,80.6,84.2,74.6,,
Pilkington, Konnor,663455,92.1,93.3,,81.7,84.3,76.1,,
Tate, Dillon,622253,93,94.1,,81.1,84,,,
Richards, Trevor,670950,93.5,,,,84.4,84.7,,
Williams, Devin,642207,94.1,,86.5,,83.6,,,
Clarke, Taylor,664199,95.6,,,88.4,89.1,,,
Kimbrel, Craig,518886,95.9,,,,,86,,
Beeks, Jalen,656222,95.1,,87.5,82.1,90.3,,,
Givens, Mychal,571710,93.3,,,84.7,82,,,
Montero, Rafael,606160,96.4,96,,87.9,91.1,,,
Brebbia, John,605154,94.4,,,83.8,,,,
Rogers, Taylor,573124,93.9,94.4,,81.2,,,,
Minter, A.J.,621345,96.6,,90.4,,87.7,,,
Muñoz, Andrés,662253,100.1,,,87.9,,,,
Strickland, Hunter,519326,95.3,95.3,,84.9,90.2,,,
Acevedo, Domingo,642758,92.8,92.9,,86.4,86.6,,,
Estévez, Carlos,608032,97.6,,,87.4,88.5,,,
Logue, Zach,656657,90.1,,85.9,,81.9,77.5,,
Ottavino, Adam,493603,94.8,94.2,87.9,80.9,88.9,,,
Duran, Jhoan,661395,100.6,,89.7,,,87.6,96.1,
Puk, A.J.,640462,96.7,96.2,,86.8,89,,,
Jiménez, Joe,641729,95.8,,,84.9,90.5,,,
Knebel, Corey,608349,95.6,,,,,78.8,,
Vest, Will,676684,95.1,,,86.4,86.8,,,
Bautista, Félix,642585,98.9,,90,85,,,88.2,
Lange, Alex,656638,95.6,96.2,,,89.6,85.4,,
Robertson, David,502085,,,93.3,83.8,,85,,
Alexander, Jason,669920,93.2,92.6,,80.8,81.6,,,
Soto, Gregory,642397,98.6,98.1,,89.1,91.9,,,
Díaz, Alexis,664747,95.7,,,86.8,,81.4,,
Ramirez, Noé,598287,89.8,,,,84.1,78,,
Gallegos, Giovanny,606149,94.2,,,85.4,87.1,,,
Morgan, Eli,669212,92,,88.5,85.5,75.7,79.3,,
Lugo, Seth,607625,94.1,94.1,,88.6,87.6,79.5,,
Finnegan, Kyle,640448,,96.8,,89,,,88.3,
Boxberger, Brad,502202,92.7,,,87.3,81.2,,,
Smith, Will,519293,92.2,,,81.4,87.1,76.9,,
De Jong, Chase,608328,92.9,93.4,,83.5,86.4,77.7,,
Stephens, Jackson,623451,94.1,94.1,,86.4,85.9,76.7,,
Suter, Brent,608718,86.5,87.6,,,77.5,78.5,,
Milner, Hoby,571948,89.1,88.7,,,81.2,79.3,,
Gilbreath, Lucas,656458,93.8,,,82.6,,,85,
Loup, Aaron,571901,,91.3,84.8,,80.4,75.9,,
King, Michael,650633,96.4,95.5,,82.3,88.3,,,
Graveman, Kendall,608665,96.4,96.4,,88.5,91,83.1,,
Krehbiel, Joey,607216,94.2,,85.6,79.8,84.1,,,
Matz, Steven,571927,,94.5,,89.6,85.1,77.8,,
Okert, Steven,595345,93.6,,,81.8,,,,
Holmes, Clay,605280,98,96.9,,85.1,,,,
Díaz, Edwin,621242,99.1,95.2,,90.8,,,,
Cimber, Adam,643256,86.7,86.6,,78,,,,
Sanmartin, Reiver,665665,90.8,90.3,,82,85.1,,,
Sawamura, Hirokazu,617228,95.9,,,85.7,,,92,
Brasier, Ryan,518489,95.6,96.1,,85.2,87.6,,,
Neris, Héctor,593576,94.3,94.6,,87.9,,,85,
Edwards Jr., Carl,605218,94.7,,,,90.5,80.2,,
Fulmer, Michael,605242,94,94.3,,90.1,86.4,78.7,,
Abreu, Bryan,650556,97.3,,,88.5,89.7,83.9,,
Machado, Andres,600921,96,95.4,,87.2,89.3,,,
Trivino, Lou,642152,95.5,95.7,92.1,81.8,87.3,76.8,,
Banks, Tanner,621383,92.8,,,86.7,84.8,82.2,,
Effross, Scott,664123,90.8,90.3,,79.7,82.9,,,
Rodriguez, Eduardo,593958,91.8,91.9,88.5,82.7,85.2,,,
Castellanos, Humberto,528748,89.4,90.4,,86.2,84,76.5,,
Payamps, Joel,606303,95,94.4,,82.1,88.9,,,
López, Reynaldo,625643,97,,,87.4,85.7,80.4,,
Jansen, Kenley,445276,,93.8,92.4,81.3,,,,
Foster, Matt,641582,93.7,,92.6,85.8,83.9,79.6,,
Murfee, Penn,682171,89.1,89,,79.8,,,,
Schreiber, John,670167,94.6,93.4,,82.1,88.3,,,
García, Jarlín,606424,93.7,,,82.6,85.2,,,
Long, Sam,669674,94.7,93,,,84.3,77,,
Helsley, Ryan,664854,99.3,,,88.8,89.7,80,,
Bednar, David,670280,96.5,95.2,,,,77.3,89.8,
Sewald, Paul,623149,92.5,,,82.7,,,,
Bass, Anthony,542914,95,95.4,,86.4,,,86.6,
Norris, Daniel,596057,91.4,91,,80.2,86.7,76,,
Adam, Jason,592094,94.8,,,81.4,89.9,79.6,,
Thielbar, Caleb,573204,92.7,,,81,82.7,72.8,,
Stephan, Trevor,663986,96.6,,,86.4,,,88,
Herget, Jimmy,623474,92.1,90.5,,83,84.1,74.7,,
Shaw, Bryan,543766,92.8,,92.8,84.3,81.7,82.3,,
Leone, Dominic,608678,95.5,94.8,91.3,85.1,,,,
Bard, Daniel,453268,97.2,98.1,,88.4,90.4,,,
Wisler, Matt,605538,89.7,,,79.8,,,,
Duffey, Tyler,608648,92.3,92.4,,,79.1,82.7,,
Foley, Jason,671345,96.2,96.2,,85.7,89.4,,,
Bickford, Phil,641360,94,,,83.3,,,,
Armstrong, Shawn,542888,95.4,95.7,92,85.8,,,,
Falter, Bailey,663559,91.3,90.9,,83.3,82.6,76.1,,
Winder, Josh,680739,94,,,84.2,88.5,80.8,,
Garcia, Yimi,554340,94.8,93.5,,89,87.4,82.1,,
García, Luis,472610,97.1,98.5,,82.7,,,88.6,
Hader, Josh,623352,95.7,97.3,,83.6,87.7,,,
Hill, Garrett,682051,91.2,91.3,,82,81.7,76.9,,
Chacín, Jhoulys,468504,92.7,93.1,,87.1,85.4,80,,
Richards, Garrett,572070,94.4,95.7,,88.6,90,76.7,,
Bellatti, Andrew,571479,94.4,,,85.9,89.6,,,
Hernández, Carlos,672578,96,94.1,,85.4,,81.2,84.3,
Vesia, Alex,681911,93.9,,,84.8,85.4,,,
Hentges, Sam,656529,95.6,95.4,,88,,81.2,,
Luetge, Lucas,476595,,,87.8,77.8,,73.5,,
Abreu, Albert,656061,97.6,98.5,,88.7,88,,,
Peralta, Wandy,593974,95.3,95.4,,87.6,88.4,,,
Megill, Tylor,656731,95.7,,87.6,85.3,89.1,80.4,,
Peralta, Wily,503449,95.4,95.5,,83.6,,,82.6,
Howard, Spencer,675921,94.4,,84.8,,79.5,75,,
Smith, Drew,622098,95.8,95.6,,85.3,85.1,77.7,,
Colomé, Alex,517008,94.5,,90.8,,,,,
Mantiply, Joe,573009,90.8,90.4,,,82.6,81.1,,
Hendriks, Liam,521230,97.5,,,89,,85.7,,
Staumont, Josh,622251,96.2,97.2,,,,82.3,,
Poche, Colin,621363,93.3,,,79.5,,77.5,,
Iglesias, Raisel,628452,95,95,,84.1,88.5,,,
Gutierrez, Vladimir,661269,92.8,,,82.2,82.9,78.4,,
Phillips, Evan,623465,96,96.7,93.4,85.3,,,,
Romano, Jordan,605447,96.6,96.5,,87.1,,,,
Cabrera, Génesis,650893,96.2,96.1,,,90.1,79.3,,
Stanek, Ryne,592773,98.5,,,87.2,,,88.7,
Pérez, Cionel,672335,96.9,96.4,,84,,,,
Stephenson, Robert,596112,96.9,,,83.8,,77.4,88.1,
Santana, Dennis,642701,97.8,96.6,,85.6,89.8,,,
Brash, Matt,666374,96.6,,,85.9,85.9,84,,
Kennedy, Ian,453178,93.4,,85.9,,85.9,80,,
Melancon, Mark,453343,91.8,,90.9,,,81.8,84.1,
Tepera, Ryan,572193,92.6,93,,86.2,85.7,80.4,,
Familia, Jeurys,544727,95.6,95.3,,88.7,,,92.1,
Raley, Brooks,548384,90.3,90.7,88.1,81.4,85.5,80.8,,
Hughes, Brandon,676714,92.9,93,,82.9,85.3,,,
Bush, Matt,456713,97.3,,92.8,,,81.2,,
Domínguez, Seranthony,622554,97.4,98.1,,89.2,91.9,,,
Underwood Jr., Duane,621249,96.1,95.5,92.3,,89.6,82,,
Swarmer, Matt,664161,90.5,,,82.1,85.7,,,
Sánchez, Aníbal,434671,90.1,89.3,87.7,83.2,80.3,75.6,,
Alvarado, José,621237,97.4,99.5,93.8,,,86.5,,
De Los Santos, Enyel,660853,95.5,,,83.4,87.8,,,
Pineda, Michael,501381,89.8,,,80.5,85.3,,,
Moll, Sam,594580,,93.3,,81.7,,,,
Martin, Chris,455119,95.2,94.5,91.5,84.3,,83.8,88.3,
Castillo, Diego,650895,95.6,95.1,,88.3,,,,
Swanson, Erik,657024,93.8,,,84.8,,,83.5,
Thompson, Ryan,657044,91.6,90,87.2,79.4,81.1,,,
Chafin, Andrew,605177,91.3,91.2,,82.7,83.4,,,
Hand, Brad,543272,92.5,92.4,,79.1,,,,
Clase, Emmanuel,661403,99.9,,99.6,91.9,,,,
Thornton, Trent,663423,93.8,92.9,,82.2,,79.7,,
Rodríguez, Joely,570257,92.6,92.8,,84.2,87.9,,,
Peters, Dillon,596071,92.9,92.5,,84.7,84.8,77.3,,
Festa, Matthew,670036,92.6,93.9,,82.8,,83.9,,
Wilson, Steven,621051,95.1,,,81.6,85.3,,,
Gott, Trevor,641627,95.3,95.1,91.7,,90.2,82.8,,
Sanchez, Aaron,592717,92.2,92,,,87.9,79,,
Martin, Brett,656685,93.6,93.6,,86.8,,82.8,,
Jefferies, Daulton,641726,92.3,92.5,89.5,,86,80.1,,
Heaney, Andrew,571760,92.5,,,82.8,85.2,,,
Arano, Víctor,644364,94.5,94,,84.8,,,,
Blach, Ty,621389,,91,85,,80.7,79.1,,
Pepiot, Ryan,686752,94.1,,,86.9,86.7,,,
Garrett, Amir,607237,93.9,93.4,,84.5,,,,
Cessa, Luis,570666,93.9,94.1,,82.9,88.4,,,
Marte, Yunior,628708,97.9,96.8,,85.8,90.9,,,
Cotton, Jharel,605194,92.9,,,79.8,79.8,76.6,,
Bleier, Richard,542947,90.6,89.7,87.4,77.7,82.9,,,
Castano, Daniel,641447,92,89.4,86.5,81.2,84,,,
Martin, Davis,663436,93.8,,,84.5,85.2,79.5,,
Pruitt, Austin,643493,91.5,,,87.6,86,80.9,,
Wantz, Andrew,681806,93.6,,87.7,81.3,87.3,,,
Ortega, Oliver,661383,95.9,96.6,94,,,82.3,,
Kuhnel, Joel,669270,96,95.8,,86.7,90,,,
Chapman, Aroldis,547973,97.6,100.3,,85.7,,,87.9,
Gilbert, Tyler,656457,89.5,89.7,86.2,,,76.2,81.7,
Floro, Dylan,571670,92.1,92.2,,83.9,85,,,
Rucker, Michael,621074,94.9,,88.4,86.1,90.1,80.6,,
Littell, Zack,641793,94.4,,,87.5,,,85.6,
King, John,667463,,92.4,86.7,78.2,80.3,,,
Stammen, Craig,489334,,91.3,87.8,,86,80.2,,
Cabrera, Edward,665795,96.4,95.9,,86.5,92.9,83.5,,
Nance, Tommy,667297,93.4,94.1,,86.7,,85.2,,
Graterol, Brusdar,660813,99.3,99.9,95.5,90.2,,,,
Sandlin, Nick,680704,93.7,93.6,,79.3,,,88,
Lee, Dylan,669276,92.3,,,85.3,86.4,83.5,,
Sears, JP,676664,93.5,,,79.8,83.4,,,
Lambert, Jimmy,669424,94.3,,,84.6,85.4,76.6,,
Pressly, Ryan,519151,94.4,,,89.5,,80.8,,
Suarez, Robert,663158,97.6,96.9,92.1,,89,80.2,,
Snead, Kirby,669912,93.6,93.3,,82.1,87.8,,,
Farmer, Buck,571656,94.6,,,83,88.6,,,
Jiménez, Dany,666204,94,,92.8,82,,,,
Hill, Tim,657612,91.2,89.6,,82.8,,,,
Ober, Bailey,641927,91.6,,,83,84.2,76.3,,
Liberatore, Matthew,669461,93.2,92.8,,85.9,85.2,74.1,,
Rainey, Tanner,663432,97,,,88.4,89.1,,,
McGee, Jake,459429,94.5,,,85.4,,,,
Fleming, Josh,676596,91.3,91.6,84.2,,82.3,79.7,,
Nelson, Kyle,669459,91.9,,,84.2,,77,,
Garza Jr., Ralph,621248,91.2,87.8,89.4,77.5,83.1,80,,
Price, David,456034,92.5,92.6,88,,84.3,78.4,,
Head, Louis,545343,93.6,,,82.4,88.6,,,
Mayers, Mike,594577,93.5,,88.3,84.1,86.4,,,
Silseth, Chase,681217,95.4,94.3,,83.7,,78.9,86.3,
Danish, Tyler,641501,91.5,91.1,,87.1,84.6,81.4,,
Warren, Art,605521,93.9,,,85.5,,,,
Banda, Anthony,607455,95.2,93.2,,84.7,86.8,81.1,,
Marinaccio, Ron,676760,94.7,,,80,84,,,
Megill, Trevor,656730,97.8,99,,88.2,,82.8,,
Elder, Bryce,693821,,91.4,90.2,82.7,86.2,78.6,,
Martinez, Seth,661527,92,91,86.1,79.8,86.6,,,
Mayza, Tim,641835,94,93.7,,88.8,,,,
Strahm, Matt,621381,94.3,94,,88.7,88.7,83.1,,
Kelly, Joe,523260,97,97.8,,,87,87.8,,
Moreta, Dauri,664294,95.8,96.2,,85.7,88,,,
Wendelken, J.B.,605525,95,94.4,,85.9,85.5,80.4,,
McFarland, T.J.,519008,,88.8,,79.5,81.8,,,
Schmidt, Clarke,657376,94.5,94.9,,86,89.5,83.1,,
Castro, Miguel,612434,,97.9,,85.8,92.4,,,
Cuas, Jose,621016,,92.9,,81.9,87,,,
Wittgren, Nick,621295,91.4,91,88.1,82,84,,,
Mills, Wyatt,670090,91.9,91.3,,80.8,,,,
Weems, Jordan,607179,96.7,,,87.7,86.9,80.6,,
Shreve, Chasen,592741,90.6,,,80.9,,,82.9,
Germán, Domingo,593334,93.1,92.9,,,85.9,81.3,,
Loáisiga, Jonathan,642528,97.8,97.7,,88.6,89,86.3,,
Barlow, Joe,669618,94.8,94.9,,87.3,,81.4,,
Gustave, Jandel,594311,96.1,95.9,,86.2,,,,
Matzek, Tyler,554431,94.3,,,83.3,,77.7,,
Weaver, Luke,596133,94.8,94.7,88.1,83.7,86.5,80,,
Naughton, Packy,676050,92.7,92.4,,80.1,84.3,76.9,,
Bird, Jake,656234,,95.1,91.2,,87.8,81.5,,
Davidson, Tucker,656353,93.4,93.5,,86.7,86,78.9,,
Manning, Matt,666159,93.5,93,,83.5,86.6,79.1,,
Leclerc, José,600917,96,,,83.6,89.4,,,
Smith, Joe,501925,86,83.6,,76.9,,,,
De Los Santos, Yerry,660787,95,95.3,,83.9,,,,
Poteet, Cody,547001,94.9,94,,85.7,87.7,78,,
Sulser, Cole,642121,91.9,,,84.8,83.2,77.8,,
Baz, Shane,669358,96,,,87.7,88.5,82.3,,
Brogdon, Connor,641401,95.1,,88.8,,83.8,,,
Oviedo, Johan,670912,95.6,,,84.9,87.7,77.3,,
Rodriguez, Elvin,660730,93,93.1,,83,86.5,78.9,,
Barnes, Matt,598264,94.7,,,,86.5,84,,
Koenig, Jared,657649,89.1,88.7,83.1,,82.7,77.5,,
Martin, Corbin,656686,94,,,89,87.8,84.1,,
Sands, Cole,663485,91.8,,84.1,,85.4,78.6,85.1,
Almonte, Yency,622075,96,95.8,,84.1,89.7,,,
Robles, Hansel,570663,96,95.9,,88.7,90.2,,,
Moran, Jovani,663558,93.2,,,81,83.4,,,
Rogers, Josh,642028,90.4,89.9,,80.8,84.7,,,
VerHagen, Drew,572403,94.9,94.7,91.3,81.4,89.5,78.2,,
Holderman, Colin,670059,96.5,96,90,86.2,86.4,,,
Borucki, Ryan,621366,,95.1,,87.7,84.6,,,
Bañuelos, Manny,544365,93.6,93.3,,85.6,83.1,81.4,,
Quijada, José,650671,94.3,,,80.8,86.8,,,
Santillan, Tony,663574,96.2,,,86.5,,,,
Hudson, Daniel,543339,97,96.3,,88.8,88.4,,,
Castillo, Max,666721,93.5,95.6,,84.2,87.8,81.9,,
Martínez, Adrián,661309,,93.5,,81.4,83.2,,,
Abbott, Cory,676265,91.5,,,86.9,85,84.9,,
Ryu, Hyun Jin,547943,89.3,,86,,79.6,71.9,,
Moronta, Reyes,606625,94.9,,,82.1,88.7,,,
Medina, Adonis,658431,93.2,93.4,,86.5,87.2,80.6,,
Gose, Anthony,543238,97,,,86.1,88,,,
Poppen, Sean,664092,,94.7,,83.6,85.3,,,
O'Day, Darren,503285,86,85.9,,78.2,,,,
Gibaut, Ian,664139,96.2,,93,84.9,85.9,,,
Detwiler, Ross,446321,92.4,91.8,85.9,,86.6,77.1,,
Snider, Collin,676092,94.1,96,,86.6,89.6,,,
Kinley, Tyler,641755,95.4,92.9,,89.5,88.8,,,
Goudeau, Ashton,623485,92.4,,,,84.8,77.5,,
Kelley, Trevor,665001,,90,,83.8,80.4,78.4,,
Sánchez, Cristopher,650911,,93.1,,84.9,84.3,,,
Norwood, James,656803,96.6,96.3,,88.4,,,90.7,
Paddack, Chris,663978,93,,,83.5,82.5,76,,
Newcomb, Sean,656794,94.3,93.8,88.2,,,78.5,,
Tetreault, Jackson,676194,94.6,,86.6,,85.9,82.2,,
Sousa, Bennett,656986,94,,,87.3,,,,
Thornburg, Tyler,592804,93.5,,,83.4,84.7,76.1,,
McCarty, Kirk,668948,92.4,90.9,88.4,86.9,84.5,76.4,,
Thompson, Zack,668868,94.6,,87.8,,87.5,74.8,,
Henry, Tommy,674072,91.7,91.4,,85.9,84.8,80.5,,
Sborz, Josh,622250,96.9,,,87.5,,85.2,,
Vespi, Nick,663989,88.4,,,83.5,,80.4,,
Lawrence, Justin,664875,,95.4,,81.5,,,,
Pop, Zach,647315,,96.5,,85.8,89.3,,,
Lamet, Dinelson,659275,95.4,95.6,,86.4,,,,
Woodford, Jake,663765,92.3,91.9,,82.2,85.6,75.5,,
Feyereisen, J.P.,656420,92.2,,,84,87.1,,,
Overton, Connor,656818,91.1,90.8,,81.9,85.1,79.6,,
Barnes, Jacob,606930,95.3,,88.9,84.3,,,,
Romo, Sergio,489265,85.1,85.3,,77,79.9,,,
Karinchak, James,675916,95.2,,,,,82.9,,
Bolaños, Ronald,671790,93,93.1,,84.1,87.1,77,,
Sulser, Beau,676641,91.8,92.8,88.1,,83.6,80.4,,
Nogosek, Stephen,668665,95.2,,89.1,82.2,87.3,76.2,,
DeSclafani, Anthony,543101,92.7,92.5,,87.4,87.9,80.9,,
Harvey, Hunter,640451,98,96.2,,86.7,,82.5,89.1,
Kolarek, Adam,592473,89.4,88.1,,77.2,81.7,,,
Bummer, Aaron,607481,,94.3,86,82,89.1,,,
Ramirez, Yohan,670990,93.7,95.4,,82.7,,,,
Tapia, Domingo,593619,97.7,97.3,,87.9,88.8,,,
Kowar, Jackson,663804,95.8,,,83.1,85.7,81,,
Ferguson, Caleb,657571,94.7,,,,,78.4,,
Espinoza, Anderson,659262,93.9,,,80.3,83,,,
Bello, Brayan,678394,97,96.4,,85.3,88.5,,,
Peguero, Elvis,665625,,96.4,,91,,,,
Morejon, Adrian,670970,97,,,88.3,84.4,80.2,,
Llovera, Mauricio,661440,95.6,95.4,,83.7,,,,
Brazoban, Huascar,623211,97.2,96.7,87.6,,89.1,,,
Taylor, Blake,642130,92.6,,,84.4,,,,
deGrom, Jacob,594798,99.5,,,93.1,93,83.8,,
Bradley, Archie,605151,93.6,93.2,,,85.6,79.7,,
González, Chi Chi,592346,93,92.2,90.7,84.1,85.8,81.3,,
Mills, Alec,621219,88.6,88.5,,76.1,78.9,65.8,,
Hembree, Heath,592390,93.9,,,84.2,,78.9,,
Speier, Gabe,642100,93.6,93.7,,81.9,87.3,,,
Lemoine, Jacob,621082,92.9,93.1,,83.9,85.9,,,
Ort, Kaleb,672391,95.9,95.7,,86,89.7,,,
Uceta, Edwin,670955,91.9,93.5,,86.9,88.3,81,,
Valdez, Phillips,570488,,94.1,,84,86.9,,,
Merryweather, Julian,657240,97.3,,,88,81.6,80.2,,
May, Trevor,543507,95.9,,,83.8,86.8,,87.2,
Steckenrider, Drew,608716,94.1,,,85.1,87,81.2,,
Dugger, Robert,667498,89.4,89.9,,77.6,81.3,72.6,,
Cano, Yennier,666974,95.7,95.2,,87.5,90,,,
Faucher, Calvin,676534,,95.5,,88.5,,85.3,,
Crick, Kyle,605195,92.2,92.1,,79.7,,,,
Grimm, Justin,518748,92.6,,,81.7,,82,,
Toussaint, Touki,657053,92.5,91.9,,,,75.5,86.4,
Bender, Anthony,669622,98.3,97.6,,84.9,90.7,,,
Álvarez, José,501625,91.4,90.8,,80.3,81.5,,,
Whitley, Kodi,676831,93.4,,,82.8,83.5,,,
Beasley, Jeremy,676886,95.4,,,82.1,,78.7,87.3,
Strzelecki, Peter,657265,93.5,,,82.9,83.5,,,
Warren, Austin,681810,93.6,93.5,,86.2,89.1,,,
Miley, Wade,489119,89.7,88.3,85.7,78.7,80.6,75.8,,
Yajure, Miguel,664337,92.3,92.9,89.2,81.4,88.9,80.1,,
Ragans, Cole,666142,92,,87.5,,81.7,75.9,,
Fernández, Junior,658551,98.8,98.8,,89,90.8,,,
Castro, Anthony,621593,94.8,95.5,,84.4,87.3,,,
Bruihl, Justin,677865,,88.5,86.2,76.9,,,,
Yacabonis, Jimmy,642231,,93.9,,81.7,87.7,,,
Stout, Eric,657770,92.3,,,80.4,87.6,,,
Scott, Tayler,605463,94.2,93.5,,83.9,89.2,,,
Lawrence, Casey,596271,91.1,90.1,,81.5,83.2,75.8,,